control_row_id,control_season,control_player_id,control_player_name,control_team,control_position_final,times_used,avg_match_distance
911,2024,00-0039342,Xavier Legette,CAR,WR,18,0.7619841679264704
823,2024,00-0036613,Jaylen Waddle,MIA,WR,16,0.40067947999495224
923,2024,00-0039849,Marvin Harrison Jr.,ARI,WR,15,0.352711994724136
936,2024,00-0039919,Rome Odunze,CHI,WR,14,0.5317581445707351
934,2024,00-0039916,Ricky Pearsall,SF,WR,14,1.0737261737988186
870,2024,00-0038124,Christian Watson,GB,WR,11,0.4719658729299937
839,2024,00-0036988,Josh Palmer,LAC,WR,10,0.3957931703124948
194,2021,00-0036268,Laviska Shenault Jr.,JAX,WR,9,0.6511694626566193
367,2022,00-0035228,Kyler Murray,ARI,QB,9,0.6519299997212329
638,2023,00-0037238,Drake London,ATL,WR,9,0.49914494039269147
444,2022,00-0037013,Zach Wilson,NYJ,QB,9,1.15347103089648
440,2022,00-0036972,Mac Jones,NE,QB,9,0.8339687464925469
232,2021,00-0036936,Rondale Moore,ARI,WR,9,1.0535081774299069
607,2023,00-0036407,Jerry Jeudy,DEN,WR,9,0.6588118503477332
238,2021,00-0036980,Elijah Moore,NYJ,WR,9,0.8152042154753187
121,2021,00-0034348,Courtland Sutton,DEN,WR,9,0.5115826615478395
826,2024,00-0036849,Tutu Atwell,LA,WR,9,0.6745495583087524
132,2021,00-0034676,James Washington,PIT,WR,9,1.2222651297986973
460,2022,00-0037742,Treylon Burks,TEN,WR,8,1.286896085638313
415,2022,00-0036414,Cam Akers,LA,RB,8,0.4209332941516134
915,2024,00-0039373,Audric Estimé,DEN,RB,8,0.997114446025399
208,2021,00-0036387,Jalen Reagor,PHI,WR,8,1.1606315875266298
210,2021,00-0036407,Jerry Jeudy,DEN,WR,8,1.1712139927064906
921,2024,00-0039794,Braelon Allen,NYJ,RB,8,0.7990506071520685
459,2022,00-0037741,Jahan Dotson,WAS,WR,8,0.7119282764232415
430,2022,00-0036900,Ja'Marr Chase,CIN,WR,8,0.43488595755324605
217,2021,00-0036550,Rashod Bateman,BAL,WR,8,0.8735467970967367
448,2022,00-0037238,Drake London,ATL,WR,8,0.5138710144660702
229,2021,00-0036913,Kadarius Toney,NYG,WR,8,1.3450253943981298
912,2024,00-0039356,Ja'Tavion Sanders,CAR,TE,8,0.9665025410249168
185,2021,00-0036212,Tua Tagovailoa,MIA,QB,8,0.6905916799190281
148,2021,00-0034855,Baker Mayfield,CLE,QB,8,0.7278484135530707
675,2023,00-0038544,Quentin Johnston,LAC,WR,8,0.7517670168071103
861,2024,00-0037809,Chig Okonkwo,TEN,TE,8,0.8885632040368217
827,2024,00-0036875,Rhamondre Stevenson,NE,RB,8,0.6820953292474196
822,2024,00-0036555,Chuba Hubbard,CAR,RB,8,0.7191454956491676
878,2024,00-0038559,Michael Wilson,ARI,WR,8,0.47012690379402894
145,2021,00-0034837,Calvin Ridley,ATL,WR,8,1.448646634612895
380,2022,00-0035662,Marquise Brown,ARI,WR,8,0.8672091426994923
667,2023,00-0038124,Christian Watson,GB,WR,8,0.8540473172168738
651,2023,00-0037740,Garrett Wilson,NYJ,WR,8,0.6327204339522012
624,2023,00-0036936,Rondale Moore,ARI,WR,8,0.6290244402940791
613,2023,00-0036613,Jaylen Waddle,MIA,WR,8,0.5279312345766035
179,2021,00-0035710,Daniel Jones,NYG,QB,8,0.8008192846546021
683,2023,00-0038979,Cedric Tillman,CLE,WR,7,0.7011812925887044
608,2023,00-0036410,Tee Higgins,CIN,WR,7,0.6183767528641395
691,2023,00-0039062,Jonathan Mingo,CAR,WR,7,0.9496940271886029
631,2023,00-0036980,Elijah Moore,CLE,WR,7,0.6896735672623162
824,2024,00-0036626,Dyami Brown,WAS,WR,7,0.7841635143439135
873,2024,00-0038393,Dontayvion Wicks,GB,WR,7,0.6948681278135587
388,2022,00-0036158,J.K. Dobbins,BAL,RB,7,0.7288280454742709
599,2023,00-0036309,Darnell Mooney,CHI,WR,7,0.9064558085590734
868,2024,00-0038117,Wan'Dale Robinson,NYG,WR,7,0.7990646324344928
922,2024,00-0039847,Theo Johnson,NYG,TE,7,1.0504786006057787
236,2021,00-0036971,Trevor Lawrence,JAX,QB,7,0.9773487503644626
436,2022,00-0036955,Terrace Marshall Jr.,CAR,WR,6,0.7330648520237718
888,2024,00-0038933,Dalton Kincaid,BUF,TE,6,0.9790326270719039
602,2023,00-0036345,K.J. Osborn,MIN,WR,6,0.7269384658307304
834,2024,00-0036970,Kyle Pitts,ATL,TE,6,0.6112742186221181
681,2023,00-0038938,Jalin Hyatt,NYG,WR,6,0.7238979885370069
893,2024,00-0038979,Cedric Tillman,CLE,WR,6,0.8588805898256852
838,2024,00-0036980,Elijah Moore,CLE,WR,6,1.0837117922140538
393,2022,00-0036223,Jonathan Taylor,IND,RB,6,0.9384433083661348
364,2022,00-0034983,Hunter Renfrow,LV,WR,6,0.920478821641193
386,2022,00-0035719,Deebo Samuel Sr.,SF,WR,6,0.6002594166348195
376,2022,00-0035640,DK Metcalf,SEA,WR,6,0.44251188852263784
928,2024,00-0039890,Adonai Mitchell,IND,WR,6,1.0849086811195365
150,2021,00-0034869,Sam Darnold,CAR,QB,5,1.2324534489215506
118,2021,00-0034272,Marquez Valdes-Scantling,GB,WR,5,0.9240196486407253
202,2021,00-0036331,Devin Duvernay,BAL,WR,5,0.6687975892351306
687,2023,00-0039021,Roschon Johnson,CHI,RB,5,0.7357747022508916
152,2021,00-0034972,Alexander Mattison,MIN,RB,5,1.019350798957547
190,2021,00-0036251,Zack Moss,BUF,RB,5,0.8606697537457556
601,2023,00-0036328,Antonio Gibson,WAS,RB,5,0.5887254145898787
605,2023,00-0036370,Joshua Kelley,LAC,RB,5,0.8654595512645304
614,2023,00-0036637,Noah Gray,KC,TE,5,0.848308472141946
617,2023,00-0036876,Kylen Granson,IND,TE,5,0.7625488782599914
623,2023,00-0036919,Kenneth Gainwell,PHI,RB,5,0.6593292981585561
166,2021,00-0035535,Darius Slayton,NYG,WR,5,1.084241153822319
926,2024,00-0039868,Troy Franklin,DEN,WR,5,1.166053005192755
644,2023,00-0037258,Dameon Pierce,HOU,RB,5,0.9489253738158775
219,2021,00-0036555,Chuba Hubbard,CAR,RB,5,0.7225637113005051
215,2021,00-0036427,Tyler Johnson,TB,WR,5,0.8751739384666225
136,2021,00-0034764,Michael Gallup,DAL,WR,5,0.80830862142047
125,2021,00-0034407,Ray-Ray McCloud,PIT,WR,5,0.7591773276068144
375,2022,00-0035639,Parris Campbell,IND,WR,5,0.7635877370562059
420,2022,00-0036555,Chuba Hubbard,CAR,RB,5,0.7298046662769047
126,2021,00-0034411,Russell Gage,ATL,WR,5,0.3885900986998756
137,2021,00-0034765,Tre'Quan Smith,NO,WR,5,0.7423315428971758
123,2021,00-0034367,Nyheim Hines,IND,RB,5,0.4321073806221924
924,2024,00-0039851,Drake Maye,NE,QB,4,0.6289432606493689
406,2022,00-0036328,Antonio Gibson,WAS,RB,4,0.32789096326884615
401,2022,00-0036271,Quez Watkins,PHI,WR,4,0.5808672714529887
897,2024,00-0039032,Tyjae Spears,TEN,RB,4,0.7310759936599537
442,2022,00-0036980,Elijah Moore,NYJ,WR,4,0.9520395977885029
609,2023,00-0036442,Joe Burrow,CIN,QB,4,0.7722072822720731
625,2023,00-0036945,Justin Fields,CHI,QB,4,0.6118313030599455
867,2024,00-0038041,Jake Ferguson,DAL,TE,4,0.8209471806364471
628,2023,00-0036971,Trevor Lawrence,JAX,QB,4,0.43981577685089684
633,2023,00-0036997,Javonte Williams,DEN,RB,4,0.876516322715039
904,2024,00-0039150,Bryce Young,CAR,QB,4,0.5733703634203831
372,2022,00-0035298,Scott Miller,TB,WR,4,0.8335025195025182
196,2021,00-0036275,D'Andre Swift,DET,RB,4,0.7236273845268364
411,2022,00-0036360,Clyde Edwards-Helaire,KC,RB,4,0.7612100079971696
591,2023,00-0036223,Jonathan Taylor,IND,RB,4,0.6749809230292603
438,2022,00-0036970,Kyle Pitts,ATL,TE,4,1.0508778831752315
142,2021,00-0034816,Ronald Jones,TB,RB,4,1.2412800494921625
703,2023,00-0039165,Zach Charbonnet,SEA,RB,4,0.9606559439173206
596,2023,00-0036265,AJ Dillon,GB,RB,4,0.8573028373550255
421,2022,00-0036572,Shi Smith,CAR,WR,4,0.643532437873353
603,2023,00-0036355,Justin Herbert,LAC,QB,4,0.4347225102482014
161,2021,00-0035243,Miles Sanders,PHI,RB,4,0.8122846776237276
662,2023,00-0038102,Kenny Pickett,PIT,QB,3,1.0591486915890334
153,2021,00-0034981,Foster Moreau,LV,TE,3,0.8014354999558823
694,2023,00-0039066,Michael Mayer,LV,TE,3,0.7562846478694188
141,2021,00-0034798,Durham Smythe,MIA,TE,3,0.7113806546639091
130,2021,00-0034440,Justin Jackson,LAC,RB,3,0.4489406877975572
835,2024,00-0036971,Trevor Lawrence,JAX,QB,3,0.6212915023851598
640,2023,00-0037240,Jameson Williams,DET,WR,3,0.5247687720392097
698,2023,00-0039144,Luke Musgrave,GB,TE,3,1.0020633531315941
610,2023,00-0036550,Rashod Bateman,BAL,WR,3,0.333779813669387
164,2021,00-0035311,Myles Gaskin,MIA,RB,3,0.6070496105006871
471,2022,00-0038129,Cade Otton,TB,TE,3,0.763678790855689
363,2022,00-0034981,Foster Moreau,LV,TE,3,0.7195043128128019
433,2022,00-0036924,Michael Carter,NYJ,RB,3,0.9927249084252523
233,2021,00-0036945,Justin Fields,CHI,QB,3,0.972296896064961
227,2021,00-0036906,Khalil Herbert,CHI,RB,3,0.5797486015384541
452,2022,00-0037252,Greg Dulcich,DEN,TE,3,1.0724335092936912
454,2022,00-0037258,Dameon Pierce,HOU,RB,3,0.8774238419674537
394,2022,00-0036232,Harrison Bryant,CLE,TE,3,0.975116389120962
419,2022,00-0036554,Nico Collins,HOU,WR,3,1.0605498522944055
907,2024,00-0039164,Anthony Richardson,IND,QB,3,0.6822849791284691
382,2022,00-0035685,David Montgomery,CHI,RB,3,0.6905969246118143
197,2021,00-0036290,Cole Kmet,CHI,TE,3,0.8443308994324893
616,2023,00-0036875,Rhamondre Stevenson,NE,RB,3,0.7861190062869289
366,2022,00-0035216,Diontae Johnson,PIT,WR,3,0.5769597077838925
906,2024,00-0039163,C.J. Stroud,HOU,QB,3,0.6928621034100774
935,2024,00-0039918,Caleb Williams,CHI,QB,2,0.6424421992188598
378,2022,00-0035657,Damien Harris,NE,RB,2,0.467732522754646
396,2022,00-0036251,Zack Moss,IND,RB,2,0.498830668828673
416,2022,00-0036415,Van Jefferson,LA,WR,2,0.9451293465178086
828,2024,00-0036893,Najee Harris,PIT,RB,2,0.6095133328364359
837,2024,00-0036973,Travis Etienne,JAX,RB,2,1.2870541675865854
805,2024,00-0036261,Brandon Aiyuk,SF,WR,2,1.5345125074855757
427,2022,00-0036893,Najee Harris,PIT,RB,2,0.30291215143882616
429,2022,00-0036898,Davis Mills,HOU,QB,2,1.1216519175999338
813,2024,00-0036358,CeeDee Lamb,DAL,WR,2,0.3933574270683738
627,2023,00-0036970,Kyle Pitts,ATL,TE,2,0.35830020893492226
213,2021,00-0036422,Adam Trautman,NO,TE,2,1.3672251291734079
598,2023,00-0036290,Cole Kmet,CHI,TE,2,0.3203506302422232
619,2023,00-0036894,Pat Freiermuth,PIT,TE,2,1.306875834024954
660,2023,00-0038040,Zamir White,LV,RB,2,0.49031922616710844
370,2022,00-0035250,Devin Singletary,BUF,RB,2,0.7721777942895192
916,2024,00-0039376,Spencer Rattler,NO,QB,1,0.3816149598615923
908,2024,00-0039165,Zach Charbonnet,SEA,RB,1,0.5918670246769402
872,2024,00-0038134,Kenneth Walker III,SEA,RB,1,0.6185893047258262
85,2021,00-0033280,Christian McCaffrey,CAR,RB,1,0.8401318028890163
869,2024,00-0038120,Breece Hall,NYJ,RB,1,0.6569292068843463
840,2024,00-0036997,Javonte Williams,DEN,RB,1,1.0479060854407545
134,2021,00-0034750,Rashaad Penny,SEA,RB,1,1.117897967191954
146,2021,00-0034844,Saquon Barkley,NYG,RB,1,0.9660342342513876
147,2021,00-0034845,Sony Michel,LA,RB,1,1.0296268682825218
160,2021,00-0035229,T.J. Hockenson,DET,TE,1,0.49127794611900055
178,2021,00-0035700,Josh Jacobs,LV,RB,1,0.5324613763106122
206,2021,00-0036360,Clyde Edwards-Helaire,KC,RB,1,1.1131750100236604
225,2021,00-0036898,Davis Mills,HOU,QB,1,0.9955179616573698
235,2021,00-0036970,Kyle Pitts,ATL,TE,1,0.2855039729614214
354,2022,00-0034796,Lamar Jackson,BAL,QB,1,0.5015248907895216
361,2022,00-0034869,Sam Darnold,CAR,QB,1,1.2055018519729948
426,2022,00-0036876,Kylen Granson,IND,TE,1,0.758839253028395
462,2022,00-0037755,Jelani Woods,IND,TE,1,1.298728557109569
466,2022,00-0037838,Isaiah Likely,BAL,TE,1,0.6335573345749946
579,2023,00-0035644,Noah Fant,SEA,TE,1,1.1836368461562035
621,2023,00-0036906,Khalil Herbert,CHI,RB,1,0.9999451090131879
635,2023,00-0037077,Sam Howell,WAS,QB,1,0.6124739377325478
652,2023,00-0037741,Jahan Dotson,WAS,WR,1,0.936238693085308
663,2023,00-0038108,Bailey Zappe,NE,QB,1,0.47992105171259114
666,2023,00-0038122,Desmond Ridder,ATL,QB,1,0.9974262546141979
701,2023,00-0039152,Will Levis,TEN,QB,1,1.2098271290804155
836,2024,00-0036972,Mac Jones,JAX,QB,1,0.5179575272162767
468,2022,00-0038104,Tyquan Thornton,NE,WR,1,0.9644200403833921
